<?xml version="1.0" encoding="utf-8"?>
<browserconfig>
  <msapplication>
    <tile>
      <square70x70logo src="<?php echo get_template_directory_uri(); ?>/library/images/favicons/mstile-70x70.png"/>
      <square150x150logo src="<?php echo get_template_directory_uri(); ?>/library/images/favicons/mstile-150x150.png"/>
      <square310x310logo src="<?php echo get_template_directory_uri(); ?>/library/images/favicons/mstile-310x310.png"/>
      <wide310x150logo src="<?php echo get_template_directory_uri(); ?>/library/images/favicons/mstile-310x150.png"/>
      <TileColor>#121283</TileColor>
    </tile>
  </msapplication>
</browserconfig>
